dataset,train_fraction,metric,bvu_mean,bvu_std,mlp_mean,mlp_std,delta_mean,delta_std,n_seeds
breast_cancer,0.25,accuracy,0.9502923976608187,0.02532238022761518,0.956140350877193,0.015193428136569083,-0.005847953216374287,0.010128952091046098,3
breast_cancer,1.0,accuracy,0.9678362573099415,0.013399344137297759,0.9678362573099415,0.005064476045523049,-3.700743415417188e-17,0.015193428136569083,3
wine,0.25,accuracy,0.9629629629629629,0.016037507477489613,0.9629629629629629,0.016037507477489613,0.0,0.02777777777777779,3
wine,1.0,accuracy,0.9814814814814815,0.016037507477489613,0.9907407407407407,0.016037507477489613,-0.009259259259259264,0.016037507477489613,3
digits,0.25,accuracy,0.9194444444444444,0.014698618394803293,0.9175925925925926,0.025204921460770708,0.0018518518518518452,0.011226255234242683,3
digits,1.0,accuracy,0.9657407407407408,0.006990587440065484,0.9685185185185186,0.008018753738744774,-0.002777777777777768,0.010015420209622157,3
diabetes,0.25,r2,0.17281264066696167,0.11025261580198407,0.01695692539215088,0.30214839755995104,0.1558557152748108,0.1937983034590464,3
diabetes,1.0,r2,0.3741221030553182,0.020534848892873457,0.2998407284418742,0.027329315439028386,0.07428137461344402,0.02543158054381694,3
california_housing,0.25,r2,0.7732552289962769,0.012977985051888213,0.7323840061823527,0.021806667723530942,0.040871222813924156,0.02172409744949798,3
california_housing,1.0,r2,0.7905588944753011,0.004789335914021693,0.6968949437141418,0.07856926772166944,0.09366395076115926,0.08334224342668249,3
mnist,0.25,accuracy,0.9607,0.007662245101796202,0.9434666666666667,0.008764892089086618,0.017233333333333285,0.01464832186065463,3
mnist,1.0,accuracy,0.9767333333333333,0.0014571661996263228,0.9598333333333333,0.0030005555041246984,0.016899999999999988,0.0015999999999999348,3
fashion_mnist,0.25,accuracy,0.8558,0.0059858165691908894,0.833,0.003041381265149094,0.022800000000000004,0.005111751167652871,3
fashion_mnist,1.0,accuracy,0.8811,0.006296030495478877,0.8564333333333333,0.006646302230062475,0.024666666666666687,0.00817149517122377,3
